City_ID,City,Lat,Lng,Max Temp,Humidity,Cloudiness,Wind Speed,Country,Date
0,petropavlovsk-kamchatsky,53.0452,158.6483,-10.67,48,40,8.0,RU,1708442249
1,stanley,54.868,-1.6985,11.39,82,75,5.66,GB,1708442250
2,adamstown,-25.066,-130.1015,25.72,84,100,5.39,PN,1708442251
3,coyhaique,-45.5752,-72.0662,21.34,56,75,2.57,CL,1708442252
4,ushuaia,-54.8,-68.3,10.79,57,40,9.26,AR,1708442252
5,cabo san lucas,22.8909,-109.9124,22.09,47,0,3.09,MX,1708442157
6,fort bragg,35.139,-79.006,9.0,52,0,4.63,US,1708442253
7,waitangi,-43.9535,-176.5597,13.79,80,100,6.71,NZ,1708442254
8,isafjordur,66.0755,-23.124,1.02,80,20,1.54,IS,1708442255
9,broken hill,-31.95,141.4333,27.64,19,100,4.36,AU,1708442255
10,port-aux-francais,-49.35,70.2167,6.62,84,100,13.59,TF,1708442284
11,lebu,-37.6167,-73.65,16.72,84,99,3.18,CL,1708442285
12,northam,51.0333,-4.2167,13.7,89,100,9.01,GB,1708442285
13,codrington,-38.2667,141.9667,19.63,55,94,2.33,AU,1708442286
14,la passe,45.5549,-0.8967,14.13,66,100,2.21,FR,1708442286
15,maloye ganyushkino,46.6,49.2667,-2.7,95,100,5.7,KZ,1708442287
16,blackmans bay,-43.0167,147.3167,14.74,86,6,0.45,AU,1708442288
17,grand falls-windsor,48.9332,-55.6649,-5.83,70,81,2.68,CA,1708442288
18,arkhangel'sk,64.5401,40.5433,-3.94,100,100,4.0,RU,1708442289
19,kudymkar,59.0173,54.656,-8.49,90,100,4.61,RU,1708442290
20,jamestown,42.097,-79.2353,2.06,64,10,0.89,US,1708442290
21,alice springs,-23.7,133.8833,26.79,47,40,0.0,AU,1708442291
22,pathein,16.7833,94.7333,20.23,74,6,3.14,MM,1708442292
23,port alfred,-33.5906,26.891,25.66,82,64,2.68,ZA,1708442292
24,vilyuchinsk,52.9306,158.4028,-9.85,69,8,16.65,RU,1708442293
25,rikaze,29.25,88.8833,3.28,18,37,3.71,CN,1708442294
26,springbok,-29.6643,17.8865,28.59,21,26,8.19,ZA,1708442237
27,grytviken,-54.2811,-36.5092,3.54,75,16,4.84,GS,1708442295
28,udachny,66.4167,112.4,-26.16,100,92,1.88,RU,1708442296
29,puerto ayora,-0.7393,-90.3518,27.98,95,100,1.34,EC,1708442296
30,edinburgh of the seven seas,-37.0676,-12.3116,16.62,64,84,5.58,SH,1708442297
31,murghob,38.1702,73.9667,-21.24,75,0,3.57,TJ,1708442298
32,mastic beach,40.7668,-72.8521,1.17,50,0,4.02,US,1708442298
33,punta arenas,-53.15,-70.9167,12.06,58,40,11.32,CL,1708442248
34,ribeira grande,38.5167,-28.7,18.22,77,75,7.6,PT,1708442299
35,albany,42.6001,-73.9662,-1.47,54,9,0.89,US,1708442089
36,papatowai,-46.5619,169.4708,11.6,75,69,6.37,NZ,1708442301
37,boa esperanca,-21.09,-45.5658,25.39,75,100,3.69,BR,1708442301
38,nyurba,63.2842,118.3319,-25.49,100,100,1.78,RU,1708442302
39,sao joao da barra,-21.6403,-41.0511,31.05,72,78,2.21,BR,1708442302
40,port elizabeth,-33.918,25.5701,26.29,76,0,6.69,ZA,1708442303
41,bilibino,68.0546,166.4372,-26.76,90,15,3.09,RU,1708442303
42,puerto natales,-51.7236,-72.4875,14.25,58,40,7.2,CL,1708442028
43,wailua homesteads,22.0669,-159.378,21.44,71,100,5.66,US,1708442305
44,san patricio,28.017,-97.5169,20.92,82,0,3.01,US,1708442305
45,hawaiian paradise park,19.5933,-154.9731,18.35,91,20,1.54,US,1708442306
46,talas,38.6908,35.5538,7.37,39,40,0.0,TR,1708442306
47,necochea,-38.5473,-58.7368,28.69,38,61,1.62,AR,1708442307
48,remire-montjoly,4.9167,-52.2667,30.02,62,75,7.2,GF,1708442308
49,tambura,5.6,27.4667,37.85,10,87,2.97,SS,1708442308
50,kanuru,16.2858,81.2546,25.46,75,12,6.67,IN,1708442309
51,kodiak,57.79,-152.4072,5.73,87,100,11.32,US,1708442309
52,afaahiti,-17.75,-149.2833,24.93,82,79,2.26,PF,1708442310
53,nicoya,10.1483,-85.452,28.39,58,40,8.67,CR,1708442311
54,nuuk,64.1835,-51.7216,3.34,32,40,10.8,GL,1708442311
55,yellowknife,62.456,-114.3525,-21.36,84,75,3.6,CA,1708442312
56,cannonvale,-20.2833,148.7,27.66,77,100,4.06,AU,1708442312
57,constantia,44.1833,28.65,6.5,76,87,3.58,RO,1708442093
58,vila velha,-20.3297,-40.2925,29.97,83,100,5.14,BR,1708442313
59,smidovich,48.6,133.8167,-21.94,79,3,5.73,RU,1708442314
60,tiksi,71.6872,128.8694,-35.35,96,41,1.96,RU,1708442315
61,namibe,-15.1961,12.1522,26.65,58,89,5.79,AO,1708442315
62,port mathurin,-19.6833,63.4167,26.41,70,100,10.72,MU,1708442316
63,hayesville,44.986,-122.9829,7.7,88,100,2.06,US,1708442316
64,port lincoln,-34.7333,135.8667,17.37,95,14,5.1,AU,1708442317
65,jobabo,20.9692,-76.2994,20.01,77,100,4.43,CU,1708442318
66,lompoc,34.6391,-120.4579,11.99,89,75,4.63,US,1708442319
67,talnakh,69.4865,88.3972,-17.11,96,100,6.93,RU,1708442319
68,malvan,16.0667,73.4667,26.38,69,1,6.84,IN,1708442320
69,ancud,-41.8697,-73.8203,16.29,81,76,1.56,CL,1708442320
70,vanino,49.0869,140.2543,-21.71,68,3,5.41,RU,1708442195
71,kurumkan,54.3,110.3,-26.6,88,72,2.24,RU,1708442321
72,ginir,7.1333,40.7,24.32,34,76,5.39,ET,1708442322
73,keflavik,64.0049,-22.5624,4.24,87,40,4.12,IS,1708442323
74,las lomas,8.4333,-82.4,30.91,52,100,1.44,PA,1708442263
75,rabo de peixe,37.8,-25.5833,17.77,99,75,3.6,PT,1708442324
76,invercargill,-46.4,168.35,11.68,85,80,6.26,NZ,1708442324
77,san andres,12.5847,-81.7006,26.43,82,46,8.08,CO,1708442325
78,colombo,6.9319,79.8478,28.97,79,1,2.21,LK,1708442166
79,berezovyy,51.6667,135.7,-24.67,68,29,4.4,RU,1708442326
80,hobyo,5.3505,48.5268,26.78,70,94,5.76,SO,1708442327
81,balqash,46.8481,74.995,-22.89,85,5,5.97,KZ,1708442327
82,barrouallie,13.2333,-61.2667,27.79,70,40,4.63,VC,1708442328
83,wum,6.3833,10.0667,34.06,14,68,3.56,CM,1708442328
84,new norfolk,-42.7826,147.0587,15.4,97,0,0.73,AU,1708442329
85,isoka,-10.1606,32.6335,22.51,85,65,2.49,ZM,1708442329
86,al hufuf,25.3646,49.5653,22.19,30,0,2.57,SA,1708442330
87,bethel,41.3712,-73.414,0.01,43,0,1.54,US,1708442331
88,usinsk,65.9939,57.5281,-6.63,93,100,12.07,RU,1708442331
89,kosciusko,33.0576,-89.5876,7.79,72,0,2.01,US,1708442332
90,utrik,11.2278,169.8474,26.71,81,98,7.99,MH,1708442332
91,parintins,-2.6283,-56.7358,32.95,47,15,1.91,BR,1708442333
92,bayji,34.9311,43.487,16.27,54,31,1.38,IQ,1708442333
93,sabang,5.8933,95.3214,27.33,78,92,1.27,ID,1708442166
94,longyearbyen,78.2186,15.6401,-17.09,78,40,5.14,SJ,1708442334
95,porto novo,6.4965,2.6036,31.9,59,43,5.56,BJ,1708442335
96,ibshaway,29.358,30.6814,19.62,31,2,3.75,EG,1708442336
97,beterou,9.1992,2.2586,40.14,10,8,1.1,BJ,1708442337
98,clarence-rockland,45.5501,-75.291,-8.27,65,95,2.05,CA,1708442338
99,fisterra,42.9049,-9.2629,19.3,82,75,3.86,ES,1708442338
100,hlukhiv,51.6782,33.9162,-1.5,74,100,5.72,UA,1708442339
101,shakawe,-18.3667,21.85,35.89,21,11,3.13,BW,1708442340
102,walvis bay,-22.9575,14.5053,17.83,64,95,9.27,NA,1708442214
103,inarajan village,13.2736,144.7484,26.08,84,25,10.1,GU,1708442342
104,ta`u,-14.2336,-169.5144,28.21,81,100,8.7,AS,1708442342
105,valparaiso,-33.0393,-71.6273,23.13,68,40,4.12,CL,1708442290
106,newport,51.5877,-2.9984,13.16,84,100,8.14,GB,1708442325
107,aguas formosas,-17.0822,-40.9358,28.85,72,100,3.23,BR,1708442344
108,khasab,26.1799,56.2477,21.89,57,0,6.97,OM,1708442345
109,noosa heads,-26.3833,153.15,22.84,79,96,2.88,AU,1708442345
110,kilju,40.9642,129.3278,-5.37,83,100,0.32,KP,1708442347
111,alofi,-19.0595,-169.9187,26.94,94,75,4.63,NU,1708442347
112,saipan,15.1355,145.701,25.39,69,75,9.26,MP,1708442348
113,college,64.8569,-147.8028,5.18,65,75,2.57,US,1708442349
114,pyt-yakh,60.7499,72.8582,-14.08,86,93,5.95,RU,1708442350
115,mugia,43.1041,-9.2179,19.39,80,57,3.84,ES,1708442350
116,whitehorse,60.7161,-135.0538,-4.57,86,75,8.75,CA,1708442105
117,atafu village,-8.5421,-172.5159,29.0,75,100,3.83,TK,1708442352
118,catio,11.2833,-15.25,37.46,19,26,2.06,GW,1708442352
119,vorgashor,67.5833,63.95,-7.94,94,100,10.02,RU,1708442353
120,kuruman,-27.4524,23.4325,36.11,15,49,2.72,ZA,1708442353
121,lospalos,-8.5186,127.0025,24.41,88,100,4.27,TL,1708442354
122,aoulef,26.9667,1.0833,26.79,15,0,8.56,DZ,1708442355
123,chepo,9.1667,-79.1,29.43,64,95,7.19,PA,1708442355
124,vitry-le-francois,48.7333,4.5833,10.23,74,100,3.69,FR,1708442356
125,bengkulu,-3.8004,102.2655,25.65,91,100,2.36,ID,1708442356
126,puerto lopez,4.0845,-72.956,33.96,31,70,5.53,CO,1708442202
127,bredasdorp,-34.5322,20.0403,25.67,48,0,10.64,ZA,1708442227
128,itoman,26.1247,127.6694,22.01,94,40,5.14,JP,1708442358
129,aykhal,66.0,111.5,-26.85,100,32,1.6,RU,1708442359
130,christchurch,-43.5333,172.6333,8.84,78,0,2.06,NZ,1708442320
131,ain sefra,32.75,-0.5833,17.31,26,0,5.94,DZ,1708442360
132,mangrol,21.1167,70.1167,23.49,79,1,4.41,IN,1708442360
133,newman,37.3138,-121.0208,11.19,92,10,1.53,US,1708442361
134,manggar,-2.8833,108.2667,26.87,87,100,2.25,ID,1708442361
135,qaqortoq,60.7167,-46.0333,0.74,75,100,2.93,GL,1708442362
136,kismayo,-0.3582,42.5454,27.19,78,50,8.04,SO,1708442363
137,bandipura,34.4167,74.65,2.37,95,100,0.39,IN,1708442363
138,banda aceh,5.5577,95.3222,26.52,84,89,0.5,ID,1708442364
139,iskateley,67.6803,53.1512,-7.77,91,100,9.83,RU,1708442365
140,rio grande,-32.035,-52.0986,27.06,63,3,4.87,BR,1708442324
141,cassilandia,-19.1133,-51.7342,28.35,65,49,2.36,BR,1708442366
142,iqaluit,63.7506,-68.5145,-27.95,68,75,11.83,CA,1708442366
143,pustoshka,56.3355,29.369,-2.33,94,100,4.06,RU,1708442367
144,impfondo,1.6381,18.0667,36.73,28,64,1.23,CG,1708442367
145,lihue,21.9789,-159.3672,21.77,69,100,5.66,US,1708442369
146,mount pearl,47.5166,-52.7813,-4.19,80,40,11.83,CA,1708442370
147,mangalia,43.8,28.5833,6.72,73,81,4.13,RO,1708442370
148,rakops,-21.0167,24.3333,34.92,22,1,3.12,BW,1708442371
149,badger,64.8,-147.5333,5.14,63,20,2.57,US,1708442371
150,anadyr,64.75,177.4833,-17.72,84,0,2.0,RU,1708442372
151,kayangel,8.0823,134.7173,27.87,77,4,6.51,PW,1708442373
152,sannat,36.0244,14.2428,14.77,71,99,1.6,MT,1708442373
153,tindouf,27.6711,-8.1474,26.25,17,0,4.63,DZ,1708442374
154,wanning,18.8003,110.3967,22.74,95,1,2.87,CN,1708442374
155,chonchi,-42.6128,-73.8092,19.56,62,65,0.42,CL,1708442375
156,ust'-ilimsk,58.0006,102.6619,-23.09,95,72,3.13,RU,1708442376
157,weno,7.4515,151.8468,28.15,64,100,9.89,FM,1708442376
158,pangody,65.85,74.4859,-12.1,89,91,11.42,RU,1708442377
159,flying fish cove,-10.4217,105.6791,25.82,88,75,1.54,CX,1708442378
160,marshall,34.3834,-86.3333,10.18,73,0,1.34,US,1708442378
161,tafuna,-14.3358,-170.72,26.97,100,100,7.2,AS,1708442379
162,coro,11.4045,-69.6734,29.17,65,25,7.11,VE,1708442364
163,tobruk,32.0836,23.9764,16.24,51,2,3.1,LY,1708442380
164,olonkinbyen,70.9221,-8.7187,0.14,99,100,5.69,SJ,1708442381
165,gaigeturi,33.4644,126.3183,12.03,87,100,12.35,KR,1708442381
166,prienai,54.6333,23.95,0.15,97,100,3.74,LT,1708442382
167,hithadhoo,-0.6,73.0833,28.45,81,77,4.51,MV,1708442382
168,pangai,-19.8,-174.35,27.13,85,100,8.57,TO,1708442383
169,nchelenge,-9.3451,28.734,25.16,79,93,2.02,ZM,1708442384
170,thompson,55.7435,-97.8558,-21.91,84,75,4.12,CA,1708442384
171,xuddur,4.1213,43.8894,33.22,25,63,6.52,SO,1708442385
172,hermanus,-34.4187,19.2345,23.78,76,0,7.13,ZA,1708442231
173,stanisic,45.94,19.1653,11.33,61,99,5.51,RS,1708442386
174,touros,-5.1989,-35.4608,31.11,60,55,3.67,BR,1708442255
175,waingapu,-9.6567,120.2641,27.17,86,95,3.25,ID,1708442387
176,puerto maldonado,-12.6,-69.1833,27.22,94,100,0.0,PE,1708442388
177,kununurra,-15.7667,128.7333,26.99,89,100,3.09,AU,1708442388
178,mount isa,-20.7333,139.5,24.87,94,100,2.06,AU,1708442389
179,klyuchi,52.2667,79.1667,-27.18,97,6,1.71,RU,1708442389
180,severo-yeniseyskiy,60.3725,93.0408,-25.24,94,75,2.68,RU,1708442390
181,la'ie,21.6477,-157.9253,21.92,57,84,2.68,US,1708442390
182,west island,-12.1568,96.8225,27.99,74,55,2.06,CC,1708442391
183,ugoofaaru,5.6667,73.0,28.31,77,5,5.07,MV,1708442391
184,sandnessjoen,66.0217,12.6316,3.06,81,75,2.06,NO,1708442392
185,avarua,-21.2078,-159.775,25.03,94,75,6.69,CK,1708442393
186,nova sintra,14.8667,-24.7167,22.62,68,100,6.81,CV,1708442177
187,swakopmund,-22.6833,14.5333,17.77,82,99,5.81,NA,1708442394
188,dudinka,69.4058,86.1778,-16.85,95,100,11.18,RU,1708442394
189,kingston,17.997,-76.7936,28.53,76,75,2.68,JM,1708442270
190,kulhudhuffushi,6.6221,73.07,28.46,73,0,3.18,MV,1708442395
191,cholpon-ata,42.6494,77.0823,-0.97,72,100,4.15,KG,1708442396
192,tralee,52.2704,-9.7026,11.14,87,20,4.12,IE,1708442397
193,anton lizardo,19.05,-95.9833,22.34,73,85,3.04,MX,1708442397
194,les anglais,18.3054,-74.2197,27.9,61,0,1.39,HT,1708442398
195,bamboo flat,11.7,92.7167,25.05,65,54,0.51,IN,1708442398
196,luwingu,-10.2621,29.9271,22.44,81,97,1.78,ZM,1708442399
197,cabedelo,-6.9811,-34.8339,33.37,64,34,4.13,BR,1708442175
198,cayang,11.0667,123.9833,25.9,76,18,5.77,PH,1708442400
199,jiazi,22.8779,116.067,21.87,95,6,1.82,CN,1708442401
200,masterton,-40.9597,175.6575,9.94,94,0,1.17,NZ,1708442401
201,rushville,39.6092,-85.4464,6.25,65,25,2.24,US,1708442402
202,at-bashi,41.1702,75.8106,-8.69,97,100,1.02,KG,1708442403
203,ciudad real,39.0,-4.0,21.06,44,1,4.47,ES,1708442404
204,dauphin,51.1494,-100.0502,-13.92,78,0,3.09,CA,1708442405
205,skelleftea,64.7507,20.9528,-3.8,80,0,1.54,SE,1708442216
206,brezina,33.0989,1.2608,18.91,23,0,6.74,DZ,1708442406
207,mumbwa,-14.9783,27.0619,29.2,41,45,3.32,ZM,1708442407
208,the pas,53.8251,-101.2541,-19.99,77,0,1.03,CA,1708442408
209,egilsstadir,65.2653,-14.3948,2.95,70,40,5.14,IS,1708442409
210,cookeville,36.1628,-85.5016,9.44,66,0,1.34,US,1708442409
211,hailar,49.2,119.7,-26.77,91,6,5.45,CN,1708442410
212,arkhara,49.4212,130.0842,-28.46,96,63,1.34,RU,1708442411
213,katabu,-4.9333,122.5167,25.23,94,12,0.98,ID,1708442412
214,mitsamiouli,-11.3847,43.2844,28.86,78,66,3.5,KM,1708442412
215,kizel,59.0471,57.6477,-13.2,80,100,0.89,RU,1708442413
216,saudarkrokur,65.7461,-19.6394,-1.63,84,13,6.14,IS,1708442414
217,hudson,40.7168,-74.0663,1.88,40,0,5.14,US,1708442414
218,bac lieu,9.285,105.7244,25.58,85,8,3.86,VN,1708442415
219,berdigestyakh,62.0989,126.6992,-28.71,94,100,3.86,RU,1708442416
220,tughyl,47.7252,84.2063,-29.47,99,14,0.7,KZ,1708442416
221,sanctuary point,-35.1114,150.629,18.88,94,48,1.81,AU,1708442418
222,tolanaro,-25.0319,46.9987,25.03,74,2,6.22,MG,1708442418
223,cockburn town,21.4612,-71.1419,25.59,75,7,2.43,TC,1708442419
224,peace river,56.2501,-117.286,-9.08,91,75,1.54,CA,1708442419
225,guanare,9.0418,-69.7421,33.24,36,38,2.73,VE,1708442420
226,khash,28.2211,61.2158,12.95,27,3,2.22,IR,1708442421
227,morondava,-20.2833,44.2833,28.78,73,98,1.84,MG,1708442422
228,carnarvon,-24.8667,113.6333,26.59,68,100,9.59,AU,1708442424
229,greenville,35.6127,-77.3663,8.01,64,0,6.69,US,1708442167
230,quellon,-43.1167,-73.6167,16.64,80,100,2.01,CL,1708442425
231,yarmouth,41.7057,-70.2286,1.17,62,0,4.47,US,1708442426
232,zambezi,-13.5432,23.1047,32.42,31,35,3.32,ZM,1708442427
233,lamar,33.6668,-95.5836,12.77,74,0,1.54,US,1708442427
234,qamdo,31.1667,97.2333,-2.59,47,100,2.54,CN,1708442428
235,menongue,-14.6585,17.691,30.0,35,79,3.51,AO,1708442429
236,pabna,24.0,89.25,26.13,42,24,0.82,BD,1708442430
237,yeppoon,-23.1333,150.7333,24.88,75,99,3.67,AU,1708442431
238,tura,25.5198,90.2201,19.21,53,0,1.68,IN,1708442432
239,georgetown,5.4112,100.3354,28.86,87,40,1.54,MY,1708442433
240,ceeldheer,3.8488,47.1806,27.4,64,29,6.7,SO,1708442434
241,tanumah,27.1,44.1333,19.38,30,10,2.92,SA,1708442435
242,el fasher,13.6279,25.3494,31.04,7,2,6.42,SD,1708442435
243,thurgoona,-36.0451,146.9919,19.81,100,100,2.24,AU,1708442436
244,hinis,39.3606,41.7022,-3.77,85,52,1.36,TR,1708442437
245,amahai,-3.3333,128.9167,26.13,85,94,3.27,ID,1708442437
246,hammerfest,70.6634,23.6821,-3.75,68,75,2.57,NO,1708442438
247,rice lake,45.5061,-91.7382,2.02,66,0,5.14,US,1708442439
248,labrador city,52.9463,-66.9114,-22.05,59,20,7.72,CA,1708442439
249,paita,-5.0892,-81.1144,27.16,70,100,1.95,PE,1708442440
250,hamilton,39.1834,-84.5333,8.29,59,40,2.06,US,1708442440
251,santyoku,37.4406,129.1708,3.36,94,100,4.59,KR,1708442441
252,solvang,34.5958,-120.1377,13.73,76,100,0.0,US,1708442442
253,alencon,48.4333,0.0833,11.5,73,100,3.07,FR,1708442442
254,katsuura,35.1333,140.3,13.4,84,100,10.04,JP,1708442443
255,draguignan,43.5333,6.4667,19.31,38,4,4.63,FR,1708442334
256,rancharia,-22.2292,-50.8931,29.64,48,1,2.45,BR,1708442313
257,acarau,-2.8856,-40.12,27.5,79,100,2.75,BR,1708442427
258,ilulissat,69.2167,-51.1,-4.99,80,0,1.54,GL,1708442445
259,kapuskasing,49.4169,-82.4331,-14.95,72,20,4.63,CA,1708442446
260,al jawf,29.5,38.75,15.98,36,52,0.53,SA,1708442446
261,igarka,67.4667,86.5833,-15.93,94,100,8.4,RU,1708442447
262,al bayda',32.7627,21.7551,12.38,61,36,3.14,LY,1708442447
263,coquimbo,-29.9533,-71.3436,20.33,72,85,2.25,CL,1708441997
264,nabire,-3.3667,135.4833,24.45,95,100,0.44,ID,1708442448
265,bom jesus,-9.0744,-44.3586,25.53,88,99,1.02,BR,1708442449
266,duba,27.3513,35.6901,21.33,42,100,5.31,SA,1708442450
267,acapulco de juarez,16.8634,-99.8901,24.9,73,0,1.54,MX,1708442157
268,nadym,65.5333,72.5167,-10.41,86,78,13.04,RU,1708442451
269,misratah,32.3754,15.0925,17.52,52,100,2.91,LY,1708442451
270,chernomorskoye,45.5039,32.6997,2.56,71,91,1.89,UA,1708442452
271,tazovsky,67.4667,78.7,-12.11,88,86,10.21,RU,1708442453
272,yaren,-0.5472,166.916,29.26,78,98,7.38,NR,1708442453
273,saldanha,-33.0117,17.9442,20.39,83,51,6.71,ZA,1708442236
274,ust-nera,64.5667,143.2,-30.13,99,100,1.46,RU,1708442454
275,rongelap,11.1635,166.8941,26.63,83,100,9.05,MH,1708442455
276,nacozari de garcia,30.3742,-109.6908,12.9,35,0,1.19,MX,1708442455
277,mazatlan,23.2167,-106.4167,22.17,67,0,0.45,MX,1708442392
278,souillac,-20.5167,57.5167,27.21,74,75,5.66,MU,1708442457
279,thunder bay,48.4001,-89.3168,-3.01,80,75,1.03,CA,1708442458
280,longridge,53.8333,-2.5833,11.7,95,92,9.13,GB,1708442458
281,aasiaat,68.7098,-52.8699,-13.52,98,81,3.11,GL,1708442459
282,jalai nur,49.45,117.7,-27.29,90,4,3.26,CN,1708442460
283,qui nhon,13.7667,109.2333,24.19,93,12,3.28,VN,1708442460
284,margate,51.3813,1.3862,11.04,85,100,6.71,GB,1708442362
285,naze,28.3667,129.4833,20.51,85,82,4.51,JP,1708442461
286,callao,-12.0667,-77.15,29.16,54,0,3.09,PE,1708442157
287,karatuzskoye,53.6072,92.8667,-30.9,99,47,0.89,RU,1708442462
288,kentville,45.0835,-64.4988,-7.0,55,99,5.14,CA,1708442463
289,ar rass,25.8694,43.4973,19.65,25,20,4.27,SA,1708442464
290,emerald,-23.5333,148.1667,22.41,85,100,4.46,AU,1708442465
291,margaret river,-33.95,115.0667,21.01,76,55,4.31,AU,1708442466
292,pacific grove,36.6177,-121.9166,12.36,88,0,2.57,US,1708442466
293,kruisfontein,-34.0033,24.7314,30.74,36,19,5.02,ZA,1708442232
294,fale old settlement,-9.3852,-171.2468,28.57,75,100,2.8,TK,1708442467
295,muranovo,56.1833,37.9,-6.25,95,99,3.09,RU,1708442468
296,talipparamba,12.05,75.35,25.54,78,26,2.04,IN,1708442469
297,holualoa,19.6228,-155.9522,19.88,66,75,2.06,US,1708442469
298,la ronge,55.1001,-105.2842,-18.86,78,75,1.03,CA,1708442470
299,topolobampo,25.6,-109.05,11.95,82,0,2.06,MX,1708442471
300,camabatela,-8.1881,15.375,24.44,68,90,1.35,AO,1708442471
301,magadan,59.5667,150.8,-24.15,76,100,4.04,RU,1708442472
302,chos malal,-37.3781,-70.2709,29.52,16,10,3.94,AR,1708442473
303,coahuayana de hidalgo,18.7,-103.6583,24.95,55,2,1.03,MX,1708442473
304,koraput,18.8167,82.7167,23.04,29,50,1.74,IN,1708442474
305,barclayville,4.6797,-8.2339,29.57,74,79,3.53,LR,1708442437
306,plonsk,52.6235,20.3755,7.15,83,100,5.57,PL,1708442475
307,hola,51.5377,23.1902,8.1,82,99,5.51,PL,1708442476
308,zaragoza,41.6561,-0.8773,19.45,27,0,7.72,ES,1708442339
309,mamfe,5.754,9.3123,40.25,22,58,2.05,CM,1708442477
310,tvoroyri,61.5556,-6.8111,6.46,74,100,12.61,FO,1708442478
311,happy valley-goose bay,53.3168,-60.3315,-15.83,55,75,7.2,CA,1708442478
312,vershino-darasunskiy,52.35,115.5167,-24.31,82,11,3.27,RU,1708442479
313,xunchang,28.4543,104.715,16.2,60,6,0.53,CN,1708442480
314,oppdal,62.5943,9.6912,1.1,86,100,5.24,NO,1708442481
315,maceio,-9.6658,-35.7353,31.69,74,75,5.66,BR,1708442482
316,hatillo,18.4863,-66.8254,30.31,73,2,3.58,PR,1708442482
317,port macquarie,-31.4333,152.9167,19.94,92,19,1.74,AU,1708442483
318,boguchany,58.3814,97.4531,-26.19,99,100,1.34,RU,1708442484
319,harper,4.375,-7.7169,29.45,72,77,3.67,LR,1708442275
320,uturoa,-16.7333,-151.4333,27.43,76,83,2.74,PF,1708442485
321,turpan,42.9333,89.1667,-3.7,25,10,1.9,CN,1708442486
322,khandyga,62.6667,135.6,-39.45,100,98,0.37,RU,1708442487
323,nizhniy odes,63.6445,54.856,-6.15,89,100,7.07,RU,1708442487
324,varkaus,62.3153,27.873,-2.05,95,100,2.85,FI,1708442488
325,voi,-3.3945,38.563,31.42,46,75,5.3,KE,1708442489
326,arica,-18.475,-70.3042,28.75,65,0,5.66,CL,1708442248
327,mo i rana,66.3128,14.1428,-3.15,88,75,1.54,NO,1708442490
328,sisimiut,66.9395,-53.6735,-8.25,83,52,5.33,GL,1708442491
329,port hedland,-20.3167,118.5667,29.03,89,64,3.6,AU,1708442491
330,hilo,19.7297,-155.09,18.68,92,20,1.54,US,1708442492
331,vadso,70.0744,29.7487,-5.91,73,20,5.66,NO,1708442493
332,cidreira,-30.1811,-50.2056,24.93,71,56,4.82,BR,1708442494
333,forster,-32.1667,152.5167,19.6,100,25,0.88,AU,1708442495
334,colby,39.3958,-101.0524,7.8,63,0,3.6,US,1708442495
335,zhanaozen,43.3,52.8,-1.2,62,98,3.96,KZ,1708442496
336,dunedin,-45.8742,170.5036,8.24,81,3,5.1,NZ,1708442215
337,iowa park,33.9515,-98.6687,11.64,71,0,3.09,US,1708442497
338,susuman,62.7833,148.1667,-34.45,97,100,1.34,RU,1708442498
339,st. john's,47.5649,-52.7093,-3.73,78,40,11.83,CA,1708442392
340,hovd,48.0056,91.6419,-21.43,71,68,1.79,MN,1708442499
341,east london,-33.0153,27.9116,26.52,78,0,7.72,ZA,1708442499
342,as sulayyil,20.4607,45.5779,28.14,22,0,4.11,SA,1708442501
343,selfoss,63.9331,-20.9971,1.69,95,100,0.66,IS,1708442501
344,petropavl,54.8753,69.1628,-28.01,76,0,4.0,KZ,1708442502
345,malango,-2.9627,119.9001,21.48,97,100,0.8,ID,1708442503
346,ceerigaabo,10.6162,47.368,20.4,47,56,1.63,SO,1708442504
347,padang,-0.9492,100.3543,27.03,89,100,1.31,ID,1708442505
348,geraldton,-28.7667,114.6,23.23,88,100,2.06,AU,1708442505
349,sarangani,5.4033,125.4636,27.55,77,4,10.23,PH,1708442506
350,abra pampa,-22.7205,-65.697,15.69,52,99,0.06,AR,1708442507
351,mil'kovo,55.6078,37.7956,-6.44,95,100,3.17,RU,1708442507
352,litchfield,41.7668,-73.2501,-1.4,45,5,0.89,US,1708442246
353,zhezqazghan,47.7833,67.7667,-24.68,70,0,7.0,KZ,1708442508
354,preobrazheniye,42.9019,133.9064,-9.29,58,100,3.63,RU,1708442509
355,north bend,43.4065,-124.2243,10.6,93,100,3.6,US,1708442509
356,kingaroy,-26.5333,151.8333,17.86,97,61,0.57,AU,1708442510
357,olyokminsk,60.3736,120.4264,-18.58,90,100,5.24,RU,1708442511
358,tharangambadi,11.0319,79.8528,25.6,74,2,4.47,IN,1708442511
359,eastham,41.8301,-69.9739,0.33,63,20,4.12,US,1708442512
360,vernon,50.2581,-119.2691,2.94,93,82,2.06,CA,1708442501
361,nuku'alofa,-21.1333,-175.2,26.51,84,100,9.26,TO,1708442513
362,alvorada,-12.48,-49.1247,24.83,86,100,3.13,BR,1708442514
363,al hawatah,13.4167,34.6333,34.93,10,5,6.35,SD,1708442514
364,alakurtti,66.9672,30.3491,-15.45,98,18,1.32,RU,1708442515
365,kristiansund,63.1115,7.732,6.36,70,75,2.57,NO,1708442515
366,homer,59.6425,-151.5483,8.94,61,100,11.83,US,1708442516
367,peniche,39.3558,-9.3811,23.49,71,22,1.84,PT,1708442490
368,chervona sloboda,49.3789,32.1464,1.61,57,99,4.76,UA,1708442517
369,caluula,11.9661,50.7569,25.65,65,16,5.49,SO,1708442517
370,saham,24.1722,56.8886,25.5,44,0,5.08,OM,1708442518
371,sinop,41.7711,34.8709,4.24,96,100,2.18,TR,1708442519
372,anastacio,-20.4836,-55.8069,32.89,45,1,2.0,BR,1708442519
373,lazaro cardenas,17.9583,-102.2,24.83,65,0,1.33,MX,1708442242
374,ola,59.5833,151.2833,-23.81,82,100,5.08,RU,1708442520
375,barra de santo antonio,-9.4047,-35.5072,31.6,70,100,4.63,BR,1708442521
376,las cabezas de san juan,36.9838,-5.9393,23.47,47,0,2.71,ES,1708442521
377,luderitz,-26.6481,15.1594,23.88,59,47,9.82,NA,1708442522
378,polatsk,55.4859,28.7756,-1.66,94,100,4.52,BY,1708442523
379,pingliang,35.5392,106.6861,-4.42,93,100,3.83,CN,1708442524
380,kyzyl,51.7,94.45,-35.55,99,53,0.45,RU,1708442525
381,tazacorte,28.629,-17.9293,23.42,68,75,3.09,ES,1708442525
382,metlili chaamba,32.2667,3.6333,19.52,30,0,5.66,DZ,1708442526
383,broome,42.2506,-75.833,-1.47,66,0,3.09,US,1708442527
384,sidi ifni,29.3797,-10.173,27.86,60,0,2.89,MA,1708442528
385,enewetak,11.3474,162.3373,26.05,75,95,10.17,MH,1708442477
386,yuzhno-kurilsk,44.0306,145.8556,-3.68,70,100,8.31,RU,1708442529
387,mahina,-17.5065,-149.489,25.87,78,20,1.03,PF,1708442530
388,vel'sk,61.0701,42.0983,-5.96,84,100,4.92,RU,1708442531
389,coyah,9.75,-13.4167,35.25,30,9,3.78,GN,1708442531
390,brisas de zicatela,15.8369,-97.0419,26.29,61,0,4.12,MX,1708442532
391,kikwit,-5.041,18.8162,32.93,45,28,1.07,CD,1708442532
392,navalmoral de la mata,39.8916,-5.5406,23.87,45,0,0.86,ES,1708442533
393,pochinki,54.6988,44.8668,-11.21,98,60,1.92,RU,1708442534
394,al matariyah,31.1829,32.0311,16.75,58,15,6.09,EG,1708442534
395,elliot lake,46.3834,-82.6331,-8.74,91,88,2.02,CA,1708442535
396,peterborough,52.5736,-0.2478,13.84,71,0,8.23,GB,1708442366
397,kollegal,12.15,77.1167,26.44,42,67,2.61,IN,1708442537
398,rosarito,32.3333,-117.0333,15.82,71,100,2.7,MX,1708442538
399,tabou,4.423,-7.3528,29.95,69,50,3.74,CI,1708442538
400,terrace,54.5163,-128.6035,0.95,86,20,2.06,CA,1708442540
401,mount gambier,-37.8333,140.7667,18.42,62,15,2.24,AU,1708442542
402,moree,-29.4667,149.85,23.98,57,17,4.31,AU,1708442543
403,port augusta,-32.5,137.7667,22.72,68,2,6.39,AU,1708442544
404,kavaratti,10.5669,72.642,28.57,69,35,5.01,IN,1708442545
405,bardai,11.65,7.2333,35.61,10,3,2.16,NG,1708442546
406,san juan,-31.5375,-68.5364,31.79,32,95,2.8,AR,1708442345
407,ujae,8.9322,165.7642,27.36,82,100,9.41,MH,1708442547
408,l'aquila,42.365,13.3935,13.91,56,67,4.03,IT,1708442465
409,portland,45.5234,-122.6762,7.11,93,75,0.89,US,1708442221
410,charters towers,-20.1,146.2667,23.67,85,100,3.86,AU,1708442549
411,prineville,44.2999,-120.8345,5.27,81,40,2.06,US,1708442550
412,myeik,12.4333,98.6,25.29,70,6,1.53,MM,1708442551
413,hailey,43.5196,-114.3153,-1.22,82,100,4.12,US,1708442270
414,kabin buri,13.9511,101.7177,26.95,65,26,2.1,TH,1708442552
415,fort st. john,56.2499,-120.8529,-10.06,79,75,1.54,CA,1708442341
416,kuna,43.4918,-116.4201,8.31,79,20,5.14,US,1708442554
417,trapani,37.8333,12.6667,13.05,88,75,6.17,IT,1708442555
418,smithfield,41.922,-71.5495,-1.01,46,0,2.06,US,1708442386
419,uchiza,-8.4592,-76.4633,23.25,99,100,0.33,PE,1708442556
420,salalah,17.0151,54.0924,24.43,69,1,1.69,OM,1708442556
421,kerikeri,-35.2268,173.9474,18.28,87,17,1.89,NZ,1708442557
422,portales,34.1862,-103.3344,11.74,35,99,4.2,US,1708442558
423,namsos,64.4662,11.4957,3.03,93,75,5.14,NO,1708442559
424,el granada,37.5027,-122.4694,13.55,90,100,4.12,US,1708442560
425,oranjemund,-28.55,16.4333,20.61,75,77,6.22,NA,1708442561
426,nha trang,12.25,109.1833,25.0,92,70,1.72,VN,1708442562
427,quiberon,47.4841,-3.1196,11.19,88,100,2.24,FR,1708442562
428,klaksvik,62.2266,-6.589,6.51,75,100,11.29,FO,1708442563
429,nelson bay,-32.7167,152.15,21.67,98,10,1.34,AU,1708442564
430,puerto penasco,31.3167,-113.5333,9.99,76,40,0.0,MX,1708442564
431,haiku-pauwela,20.9219,-156.3051,21.13,74,0,3.6,US,1708442565
432,puerto deseado,-47.7503,-65.8938,19.73,54,100,10.47,AR,1708442566
433,aripuana,-9.1667,-60.6333,26.25,80,100,1.65,BR,1708442567
434,chernyshevskiy,63.0128,112.4714,-19.02,93,100,4.25,RU,1708442567
435,ebish,37.4639,41.1906,8.34,75,95,1.99,TR,1708442568
436,yatou,37.15,122.3833,0.22,77,100,9.97,CN,1708442568
437,santa elena de uairen,4.6167,-61.1333,29.53,35,98,1.74,VE,1708442569
438,nalut,30.3333,10.85,19.37,29,100,4.5,LY,1708442570
439,liman,48.9884,37.8023,-1.8,61,82,2.71,UA,1708442570
440,colonia,50.9333,6.95,12.69,68,75,5.14,DE,1708442519
441,recani,31.2846,-4.2688,22.62,17,93,4.69,MA,1708442572
442,yola,9.2,12.4833,40.56,8,10,2.25,NG,1708442573
443,quelimane,-17.8786,36.8883,27.97,83,75,4.43,MZ,1708442573
444,padra,22.2333,73.0833,28.05,42,7,4.12,IN,1708442574
445,vacaria,-28.5122,-50.9339,24.7,59,95,1.07,BR,1708442574
446,atar,20.5169,-13.0499,30.48,10,0,9.65,MR,1708442575
447,khabarovsk,48.4808,135.0928,-20.11,48,8,5.0,RU,1708442576
448,benghazi,32.1167,20.0667,15.77,58,6,3.92,LY,1708442576
449,peno,56.9262,32.7426,-5.28,90,100,4.07,RU,1708442577
450,hirara,24.8,125.2833,23.15,94,100,5.66,JP,1708442578
451,gamba,-2.65,10.0,27.01,86,100,4.43,GA,1708442578
452,sarmiento,-45.5882,-69.07,24.01,36,100,7.53,AR,1708442579
453,"laikit, laikit ii (dimembe)",1.4792,124.9735,21.47,100,20,0.51,ID,1708442580
454,awjilah,29.1081,21.2869,19.08,31,46,2.56,LY,1708442580
455,lata,40.1629,-8.3327,23.6,46,50,1.05,PT,1708442581
456,rojhan,28.6868,69.9534,21.16,10,0,4.75,PK,1708442581
457,kharp,66.8014,65.8081,-7.2,94,100,8.57,RU,1708442582
458,myrina,39.8797,25.0742,11.58,58,0,5.14,GR,1708442583
459,arar,30.9753,41.0381,17.01,29,20,4.12,SA,1708442584
460,waddan,29.1614,16.139,20.36,26,0,1.18,LY,1708442585
461,pont rouge,48.8833,-72.0825,-17.84,79,17,2.49,CA,1708442585
462,jose pedro varela,-33.45,-54.5333,28.07,49,1,3.49,UY,1708442586
463,kirakira,-10.4544,161.9205,27.03,86,100,0.95,SB,1708442586
464,tocopilla,-22.092,-70.1979,24.2,66,64,1.87,CL,1708442514
465,conduaga,8.862,117.4893,25.98,80,11,2.4,PH,1708442589
466,tuy hoa,13.0833,109.3,23.51,94,61,1.79,VN,1708442589
467,long beach,33.767,-118.1892,14.43,97,100,2.57,US,1708442547
468,bushehr,28.9684,50.8385,19.05,55,0,6.17,IR,1708442591
469,santa cruz,-17.8,-63.1667,34.03,46,75,4.12,BO,1708442535
470,tsiombe,-25.3,45.4833,24.91,73,6,6.8,MG,1708442592
471,tosontsengel,48.7567,98.2839,-36.45,99,24,1.61,MN,1708442592
472,churapcha,62.0025,132.4325,-34.46,99,100,1.12,RU,1708442593
473,ofunato,39.0717,141.7167,2.74,62,100,1.62,JP,1708442594
474,kousseri,12.0769,15.0306,38.98,8,4,3.09,CM,1708442594
475,antofagasta,-23.65,-70.4,23.6,68,89,3.0,CL,1708442526
476,pampa,35.5362,-100.9599,11.02,49,0,4.12,US,1708442596
477,novyy urgal,51.0736,132.5642,-28.13,95,100,1.05,RU,1708442597
478,korla,41.7597,86.1469,-4.53,40,42,3.8,CN,1708442597
479,sittwe,20.15,92.9,22.62,85,49,3.23,MM,1708442598
480,chinchilla,-26.75,150.6333,22.79,83,66,2.24,AU,1708442599
481,vallenar,-28.5708,-70.7581,21.44,48,74,2.04,CL,1708442600
482,lisakovsk,52.5369,62.4936,-22.77,89,100,3.09,KZ,1708442600
483,kelkit,40.1298,39.4361,7.3,68,89,0.99,TR,1708442601
484,santa rosalia,27.3167,-112.2833,18.53,41,0,0.2,MX,1708442601
485,crane,31.3974,-102.3501,15.55,33,37,2.49,US,1708442602
486,rock springs,41.5875,-109.2029,-0.31,86,75,6.17,US,1708442603
487,pisco,-13.7,-76.2167,26.03,78,0,3.6,PE,1708442603
488,lerwick,60.1545,-1.1494,8.0,78,66,6.75,GB,1708442604
489,arraial do cabo,-22.9661,-42.0278,26.98,74,75,2.06,BR,1708442604
490,kudligi,14.9,76.3833,28.7,27,17,1.62,IN,1708442605
491,puerto baquerizo moreno,-0.9,-89.6,27.55,83,75,4.12,EC,1708442605
492,kemi,65.8596,24.8228,-6.13,86,0,1.03,FI,1708442606
493,laojunmiao,39.8333,97.7333,-13.19,82,100,5.17,CN,1708442607
494,port saint john's,-31.6229,29.5448,27.1,77,14,7.07,ZA,1708442607
495,hexham,54.9699,-2.104,12.08,84,72,9.39,GB,1708442608
496,merizo village,13.2658,144.6691,25.85,84,20,10.01,GU,1708442608
497,vorkuta,67.5,64.0,-7.62,94,100,9.87,RU,1708442609
498,akureyri,65.6835,-18.0878,2.96,65,75,6.69,IS,1708442609
499,nar'yan-mar,67.6713,53.087,-7.72,91,100,9.83,RU,1708442610
500,totness,5.8833,-56.3167,29.16,59,95,4.68,SR,1708442611
501,ust-tsilma,65.441,52.1498,-6.33,92,100,4.02,RU,1708442611
502,dickinson,29.4608,-95.0513,17.79,92,0,2.57,US,1708442612
503,orchard homes,46.8633,-114.0484,0.89,94,100,3.09,US,1708442612
504,bonthe,7.5264,-12.505,32.45,60,66,7.6,SL,1708442613
505,guerrero negro,27.9769,-114.0611,13.83,78,0,3.51,MX,1708442614
506,olinda,-8.0089,-34.8553,31.85,66,40,4.63,BR,1708442614
507,akobo,7.4344,3.9497,38.51,28,24,1.34,NG,1708442615
508,richards bay,-28.783,32.0377,28.29,67,33,6.55,ZA,1708442348
509,nizhniy kuranakh,58.8353,125.4869,-22.44,92,100,5.07,RU,1708442616
510,tarma,-11.4197,-75.6908,18.0,55,100,0.13,PE,1708442616
511,tanjung pinang,0.9167,104.45,28.02,79,59,3.45,ID,1708442617
512,coronel suarez,-37.4547,-61.9334,31.01,18,91,3.73,AR,1708442617
513,camana,-16.6228,-72.7111,24.78,77,99,2.5,PE,1708442619
514,mermoz boabab,14.7065,-17.4758,35.31,44,100,4.12,SN,1708442619
515,meadow lakes,61.6247,-149.6011,6.99,66,40,8.75,US,1708442620
516,puerto ayacucho,5.6639,-67.6236,34.06,36,83,4.26,VE,1708442620
517,caleta de carquin,-11.0925,-77.6267,24.26,78,100,2.46,PE,1708442621
518,mesquite,32.7668,-96.5992,15.0,74,2,1.34,US,1708442529
519,aral,40.5156,81.2636,-2.69,27,100,3.24,CN,1708442622
520,gadzhiyevo,69.2551,33.3362,-9.08,89,67,8.87,RU,1708442623
521,along,28.1667,94.7667,14.65,90,100,0.83,IN,1708442623
522,choma,-16.8065,26.9531,28.52,32,3,4.48,ZM,1708442624
523,saurimo,-9.6608,20.3916,28.13,60,87,1.91,AO,1708442624
524,mata-utu,-13.2816,-176.1745,28.65,78,100,6.51,WF,1708442625
525,bathsheba,13.2167,-59.5167,29.34,70,40,8.23,BB,1708442625
526,maragogi,-9.0122,-35.2225,30.38,64,100,4.63,BR,1708442626
527,berber,18.0216,33.983,30.71,12,12,6.59,SD,1708442631
528,ndele,8.4109,20.6473,39.88,9,2,2.39,CF,1708442632
529,sivrihisar,39.4504,31.5341,6.12,52,36,0.49,TR,1708442633
530,el porvenir,13.7617,-87.3458,23.63,45,2,3.27,HN,1708442633
531,satipo,-11.2522,-74.6386,24.85,89,100,0.97,PE,1708442634
532,nikolayevsk-on-amure,53.1406,140.73,-26.68,86,18,4.31,RU,1708442635
533,urucui,-7.2294,-44.5561,25.22,88,100,2.17,BR,1708442636
534,tobarra,38.5921,-1.6919,19.32,18,0,7.6,ES,1708442636
535,weiser,44.251,-116.9693,4.37,89,99,0.89,US,1708442340
536,minab,27.1467,57.0801,21.73,50,0,3.52,IR,1708442637
537,carpinteria,34.3989,-119.5185,14.66,90,99,1.95,US,1708442638
538,le lavandou,43.137,6.366,20.4,49,0,4.63,FR,1708442638
539,baihe,22.15,107.2333,23.42,78,6,2.53,CN,1708442639
540,maki,37.75,138.8833,4.97,69,100,6.6,JP,1708442639
541,kili,5.6439,169.1211,28.0,82,100,6.16,MH,1708442640
542,ad dawadimi,24.5077,44.3924,21.64,19,5,3.65,SA,1708442641
543,mawu,29.5923,107.3139,12.61,82,45,1.87,CN,1708442641
544,howrah,22.5892,88.3103,23.0,83,40,0.0,IN,1708442642
545,maridi,4.9158,29.4742,33.88,18,100,2.78,SS,1708442643
546,cape coast,5.1053,-1.2466,30.36,71,91,5.52,GH,1708442644
547,svendborg,55.0598,10.6068,8.25,87,100,6.99,DK,1708442644
548,santa quiteria,-4.3319,-40.1567,29.04,67,99,1.81,BR,1708442645
549,luwuk,-0.9516,122.7875,26.54,84,28,1.47,ID,1708442646
550,mejit,10.2753,170.8646,27.06,82,83,8.04,MH,1708442647
551,gorontalo,0.5412,123.0595,23.75,94,37,1.72,ID,1708442583
552,suisun,38.2383,-122.0402,12.77,90,0,2.06,US,1708442648
553,santa cecilia,-26.9608,-50.4269,18.42,87,100,1.66,BR,1708442649
554,masuguru,-11.3667,38.4167,29.08,83,98,0.18,TZ,1708442649
555,nemuro,43.3236,145.575,-4.95,62,100,7.14,JP,1708442650
556,nouadhibou,20.931,-17.0347,28.99,24,0,5.66,MR,1708442651
557,vila franca do campo,37.7167,-25.4333,18.27,99,81,4.2,PT,1708442651
558,selkirk,50.1436,-96.8845,-7.74,76,10,1.34,CA,1708442652
559,ilebo,-4.3167,20.5833,33.46,50,70,0.21,CD,1708442652
560,dryden,49.7833,-92.7503,-8.84,92,20,4.63,CA,1708442653
561,an muileann gcearr,53.5333,-7.35,10.93,76,61,6.14,IE,1708442654
562,saint-philippe,-21.3585,55.7679,24.77,82,98,6.27,RE,1708442654
563,santa terezinha,-29.9002,-50.0904,25.45,68,47,3.89,BR,1708442655
564,edson,53.5835,-116.4356,-9.92,79,75,3.09,CA,1708442656
565,sao gabriel da cachoeira,-0.1303,-67.0892,30.89,66,0,2.57,BR,1708442656
566,shuangjiang,26.1547,109.7138,18.39,90,43,2.24,CN,1708442658
567,raja,8.4596,25.678,35.5,8,20,3.31,SS,1708442658
568,montego bay,18.4712,-77.9188,22.89,94,75,1.54,JM,1708442659
569,takoradi,4.8845,-1.7554,30.26,69,99,4.54,GH,1708442141
570,arrifes,37.7667,-25.7,17.18,77,75,3.6,PT,1708442660
571,at taj,24.2049,23.2857,22.38,15,41,4.09,LY,1708442661
572,kargalinskaya,43.7417,46.4792,4.9,52,100,2.88,RU,1708442661
573,usogorsk,63.4106,48.6872,-5.74,92,100,6.43,RU,1708442662
574,wurtulla,-26.7568,153.1256,22.81,95,37,2.11,AU,1708442663
575,sangin,32.0728,64.8359,12.09,24,1,3.14,AF,1708442664
576,deogarh,21.5333,84.7333,24.96,31,4,1.58,IN,1708442664
577,al burayqah,30.4062,19.5739,16.04,52,3,2.1,LY,1708442665
578,kapa'a,22.0752,-159.319,22.18,71,100,5.66,US,1708442666
